{
  "project_info": {
    "project_number": "56123377981",
    "project_id": "fir-amon-ra",
    "storage_bucket": "fir-amon-ra.appspot.com"
  },
  "client": [
    {
      "client_info": {
        "mobilesdk_app_id": "1:56123377981:android:fc691b9c188c9f749d5d54",
        "android_client_info": {
          "package_name": "com.example.proyectolibreria"
        }
      },
      "oauth_client": [
        {
          "client_id": "56123377981-ht9nknfu9mgccathpl18mou53gp22pm9.apps.googleusercontent.com",
          "client_type": 1,
          "android_info": {
            "package_name": "com.example.proyectolibreria",
            "certificate_hash": "5d57b515e178b8e04dbc42af2e6c99c7de957ece"
          }
        },
        {
          "client_id": "56123377981-e88pjs5kag5b0kq1vaqgco3s2jgi1rnf.apps.googleusercontent.com",
          "client_type": 3
        }
      ],
      "api_key": [
        {
          "current_key": "AIzaSyCSs_j81b5a6p_2VISjlo3eGPjoOcX1xDc"
        }
      ],
      "services": {
        "appinvite_service": {
          "other_platform_oauth_client": [
            {
              "client_id": "56123377981-e88pjs5kag5b0kq1vaqgco3s2jgi1rnf.apps.googleusercontent.com",
              "client_type": 3
            }
          ]
        }
      }
    }
  ],
  "configuration_version": "1"
}